id,username,password,name,date of birth,street,city,postal,country,phone,identification type,gender,allergies,food preferences,qualifications,years of work experience,occupation,computer skills,languages known,health record,criminal record
1,qwer,96e79218965eb72c92a549dd5a330112,Len Hale,11/11/1998,"P.O. Box 549, 3604 Etiam Rd.",Seevetal,85200,Heard Island and Mcdonald Islands,178-9940,PAN,female,cereals,vegan,"ME, MIT",1,"developer, designer",expert,"mandarin, english",,
2,asdf,96e79218965eb72c92a549dd5a330112,Bianca Espinoza,5/05/1995,"P.O. Box 420, 1567 Purus St.",Banbury,18722,Grenada,849-2326,SSN,female,pork,kosher,MIT,5,electrical engineer,advanced,"english, french",,
3,zxcv,96e79218965eb72c92a549dd5a330112,Anika Frost,9/09/1994,8904 Ante Ave,My,G8C 4R9,Andorra,1-912-959-6267,ABN,male,peanuts,kosher,"BDS, MS",7,developer,expert,"french, spanish, russian",,
4,asdas,96e79218965eb72c92a549dd5a330112,Kessie Barlow,2/04/1995,Ap 286-3953 At Rd.,Cap-de-la-Madeleine,38520,Turkmenistan,1-779-771-4961,ADHAAR,female,pasta,kosher,MIT,2,"painter, electrician, plumber",expert,"hindi, mandarin, italian, russian",,
5,sadaf,96e79218965eb72c92a549dd5a330112,Shelley Talley,12/04/1995,"P.O. Box 762, 7350 Nullam Ave",Eckville,554397,Syria,1-912-959-6267,ABN,male,peanuts,kosher,MBA,4,"developer, designer",expert,"mandarin, english",,
6,afefvdv,96e79218965eb72c92a549dd5a330112,Hannah Lee,22/04/1995,Ap 534-3480 Penatibus Ave,Machynlleth,5371,Spain,1-779-771-4961,ADHAAR,female,pasta,kosher,"MBBS, ME, MIT",5,"electrical engineer,  aeronautical engineer, builder, designer",advanced,"mandarin, english",,
7,sdcaa,96e79218965eb72c92a549dd5a330112,Keely Logan,20/04/1995,540 Sed Street,Pau,OF3 7TU,Tunisia,263-6463,ABN,male,cereals,halal,"MS, ME",6,developer,intermediate,"hindi, mandarin, italian, russian",,
8,ascasc,96e79218965eb72c92a549dd5a330112,Breanna Christensen,2/02/1995,143-8363 Suscipit St.,Yangsan,48128,Falkland Islands,149-1097,SSN,female,none,halal,"MBA, ME",7,"mechanical engineer,  aeronautical engineer",advanced,"french, bengali, hausa",,
9,sdve,96e79218965eb72c92a549dd5a330112,Lois Cotton,2/07/1995,Ap 736-7990 Donec Ave,Tunja,8442,Fiji,1-379-888-8028,PAN,male,peanuts,kosher,"BE, DS",12,developer,novice,"mandarin, english",,
10,zxdv,96e79218965eb72c92a549dd5a330112,Kirby Maynard,2/04/1995,Ap 319-1334 Libero. Road,La Cruz,20930,Eritrea,1-110-763-7868,ADHAAR,female,beef,vegan,MBA,2,"builder, developer",expert,"mandarin, english",,
11,vdwe,96e79218965eb72c92a549dd5a330112,Carla Espinoza,2/04/1995,307-272 Mi Avenue,Lahore,760305,Croatia,596-0152,SSN,female,pasta,vegan,"ME, BDS",1,"mechanical engineer,  aeronautical engineer",novice,"hindi, arabic, , mandarin",,
12,wrvg,96e79218965eb72c92a549dd5a330112,Candace Lucas,2/08/1995,751-8469 Dictum Street,Trois,37844,Uruguay,441-4057,ADHAAR,female,pasta,none,"MDS, MIT",4,developer,novice,portugese,,
13,zvdsgsd,96e79218965eb72c92a549dd5a330112,Jaden Callahan,2/04/1995,871-1758 Quis Ave,Bear,79604,Netherlands,597-5548,PAN,male,peanuts,vegetarian,"MIT, BDS",5,developer,advanced,"hausa, mandarin",,
14,sv,96e79218965eb72c92a549dd5a330112,Cameron Rivers,2/12/1995,"P.O. Box 305, 3417 Metus. Rd.",Ophoven,1061,United Arab Emirates,1-415-937-6421,ABN,female,any nuts,kosher,MBA,6,"electrical engineer, developer",novice,italian,,
15,bsg,96e79218965eb72c92a549dd5a330112,Holly Welch,4/04/1995,5655 Et St.,Laces/Latsch,281038,Suriname,881-8489,ADHAAR,male,pasta,vegan,MBA,7,"aeronautical engineer, surgeon",expert,"mandarin, english",,
16,wgthy,96e79218965eb72c92a549dd5a330112,TaShya Dean,10/04/1995,"Ap 828-2098 Amet, Street",Lirrach,A15 4JF,Sweden,450-4393,ADHAAR,male,lactose,none,"MIT, BDS",3,developer,advanced,"english, french",,
17,ehr,96e79218965eb72c92a549dd5a330112,Hedwig Santos,1/04/1995,2077 Tellus. Avenue,Soye,17393,Mali,1-363-881-2536,TFN,male,cereals,none,MS,3,"civil engineer,  aeronautical engineer, electrical engineer",advanced,"mandarin, english",,
18,thtj,96e79218965eb72c92a549dd5a330112,Moana Richmond,2/08/1995,1562 Sed Rd,Greater Sudbury,Z9163,Iran,1-626-968-5396,ADHAAR,male,lactose,vegan,BDS,4,"surgeon, electrician",intermediate,"mandarin, english",,
19,4tw,96e79218965eb72c92a549dd5a330112,Teagan Strickland,2/11/1995,Ap 612-2446 Sit Ave,San Chirico Nuovo,C4R 4EH,Tanzania,1-407-818-8071,ABN,male,beef,none,"MIT, BDS",5,developer,expert,japanese,,
20,drher,96e79218965eb72c92a549dd5a330112,Hyacinth Madden,2/12/1995,Ap 314-4498 Fusce Ave,Pizzoferrato,876014,Andorra,259-9559,ABN,female,peanuts,halal,MBA,8,developer,novice,"mandarin, english",,
21,jamesbond111,96e79218965eb72c92a549dd5a330112,Hyacinth Madden,12/03/1995,Ap 314-4498 Fusce Ave,Pizzoferrato,876014,Andorra,259-9559,ABN,female,peanuts,halal,MBA,8,"developer, designer",novice,"mandarin, english",,
22,user1,96e79218965eb72c92a549dd5a330112,Ada,27/03/1995,12 Seaview Court,FORTESCUE,2476,Afghanistan,04-00000001,ADHAAR,female,cereals,vegan,"MBA, MIT",4,"developer, surgeon, designer",expert,"mandarin, english",,
23,user2,96e79218965eb72c92a549dd5a330112,Aaliyah,21/10/1995,38 Thule Drive,FORTESCUE,4872,Albania,04-00000002,ADHAAR,male,pork,kosher,"MBA, BS",7,"developer, designer",advanced,"mandarin, english",,
24,user3,96e79218965eb72c92a549dd5a330112,Aditi,21/10/1994,72 Bayfield Street,FORTESCUE,3728,Albania,04-00000003,TFN,female,peanuts,kosher,"MS, MBA",8,"developer, builder",expert,"mandarin, english",,
25,user4,96e79218965eb72c92a549dd5a330112,Adela,27/03/1994,92 Walder Crescent,BANANA,5045,Algeria,04-00000004,ADHAAR,female,pasta,kosher,"ME, BS",5,"developer, electrical engineer, designer",expert,"mandarin, english",,
26,user5,96e79218965eb72c92a549dd5a330112,Adelaide,10/12/1993,70 Raglan Street,CROWNTHORPE,1036,Angola,04-00000005,ABN,female,peanuts,kosher,"BE, MBA",4,"developer, builder, farmer",expert,"mandarin, english",,
27,user6,96e79218965eb72c92a549dd5a330112,Adele,11/11/1992,1 Timms Drive,SOUTH PAMBULA,2589,Anguilla,04-00000006,ABN,male,pasta,kosher,"BE, MIT",10,"developer, surgeon, dentist",advanced,"mandarin, english",,
28,user7,96e79218965eb72c92a549dd5a330112,Adora,10/10/1995,73 McLeans Road,URRAWEEN,3000,Aruba,04-00000007,ABN,female,cereals,halal,"DS, MIT",9,"developer, aeronautical engineer",intermediate,"mandarin, english",,
29,user8,96e79218965eb72c92a549dd5a330112,Afra,11/11/1994,52 Boland Drive,BRUMBY PLAINS,3001,Armenia,04-00000008,PAN,male,none,halal,"DS, MIT",11,"developer,  dentist",advanced,"mandarin, english",,
