"id","username","password","name","date of birth","street","city","postal","country","phone","identification type","gender","allergies","food preferences","qualifications","years of work experience","occupation","computer skills","languages known","health record","criminal record"
"2","asdf","96e79218965eb72c92a549dd5a330112","Bianca Espinoza","5/5/00","P.O. Box 420, 1567 Purus St.","Banbury","18722","Grenada","849-2326","SSN","female","pork","kosher","MIT","5","electrical engineer","advanced","english, french","",""
"3","zxcv","96e79218965eb72c92a549dd5a330112","Anika Frost","9/9/99","8904 Ante Ave","My","G8C 4R9","Andorra","1-912-959-6267","ABN","male","peanuts","kosher","BDS, MS","7","developer","expert","french, spanish, russian","",""
"4","asdas","96e79218965eb72c92a549dd5a330112","Kessie Barlow","2/4/95","Ap 286-3953 At Rd.","Cap-de-la-Madeleine","38520","Turkmenistan","1-779-771-4961","ADHAAR","female","pasta","kosher","MIT","2","painter, electrician, plumber","expert","hindi, mandarin, italian, russian","",""
"5","sadaf","96e79218965eb72c92a549dd5a330112","Shelley Talley","12/4/95","P.O. Box 762, 7350 Nullam Ave","Eckville","554397","Syria","1-912-959-6267","ABN","male","peanuts","kosher","MBA","4","developer","expert","mandarin,english","",""
"6","afefvdv","96e79218965eb72c92a549dd5a330112","Hannah Lee","22/4/95","Ap 534-3480 Penatibus Ave","Machynlleth","5371","Spain","1-779-771-4961","ADHAAR","female","pasta","kosher","MBBS, ME","5","electrical engineer,  aeronautical engineer, builder","advanced","mandarin,english","",""
"7","sdcaa","96e79218965eb72c92a549dd5a330112","Keely Logan","20/4/95","540 Sed Street","Pau","OF3 7TU","Tunisia","263-6463","ABN","male","cereals","halal","MS, ME","6","developer","intermediate","hindi, mandarin, italian, russian","",""
"8","ascasc","96e79218965eb72c92a549dd5a330112","Breanna Christensen","2/2/95","143-8363 Suscipit St.","Yangsan","48128","Falkland Islands","149-1097","SSN","female","none","halal","MBA, ME","7","mechanical engineer,  aeronautical engineer","advanced","french, bengali, hausa","",""
"9","sdve","96e79218965eb72c92a549dd5a330112","Lois Cotton","2/7/95","Ap 736-7990 Donec Ave","Tunja","8442","Fiji","1-379-888-8028","PAN","male","peanuts","kosher","BE, DS","12","developer","novice","mandarin,english","",""
"10","zxdv","96e79218965eb72c92a549dd5a330112","Kirby Maynard","2/4/95","Ap 319-1334 Libero. Road","La Cruz","20930","Eritrea","1-110-763-7868","ADHAAR","female","beef","vegan","MBA","2","builder, developer","expert","mandarin,english","",""
"11","vdwe","96e79218965eb72c92a549dd5a330112","Carla Espinoza","2/4/95","307-272 Mi Avenue","Lahore","760305","Croatia","596-0152","SSN","female","pasta","vegan","ME, BDS","1","mechanical engineer,  aeronautical engineer","novice","hindi, arabic, , mandarin","",""
"12","wrvg","96e79218965eb72c92a549dd5a330112","Candace Lucas","2/8/95","751-8469 Dictum Street","Trois","37844","Uruguay","441-4057","ADHAAR","female","pasta","none","MDS, MIT","4","developer","novice","portugese","",""
"13","zvdsgsd","96e79218965eb72c92a549dd5a330112","Jaden Callahan","2/4/95","871-1758 Quis Ave","Bear","79604","Netherlands","597-5548","PAN","male","peanuts","vegetarian","MIT, BDS","5","developer","advanced","hausa, mandarin","",""
"14","sv","96e79218965eb72c92a549dd5a330112","Cameron Rivers","2/12/95","P.O. Box 305, 3417 Metus. Rd.","Ophoven","1061","United Arab Emirates","1-415-937-6421","ABN","female","any nuts","kosher","MBA","6","electrical engineer, developer","novice","italian","",""
"15","bsg","96e79218965eb72c92a549dd5a330112","Holly Welch","4/4/95","5655 Et St.","Laces/Latsch","281038","Suriname","881-8489","ADHAAR","male","pasta","vegan","MBA","7","aeronautical engineer, surgeon","expert","mandarin,english","",""
"16","wgthy","96e79218965eb72c92a549dd5a330112","TaShya Dean","10/4/95","Ap 828-2098 Amet, Street","Lirrach","A15 4JF","Sweden","450-4393","ADHAAR","male","lactose","none","MIT, BDS","3","developer","advanced","english, french","",""
"17","ehr","96e79218965eb72c92a549dd5a330112","Hedwig Santos","1/4/95","2077 Tellus. Avenue","Soye","17393","Mali","1-363-881-2536","TFN","male","cereals","none","MS","3","civil engineer,  aeronautical engineer, electrical engineer","advanced","mandarin,english","",""
"18","thtj","96e79218965eb72c92a549dd5a330112","Moana Richmond","2/8/95","1562 Sed Rd","Greater Sudbury","Z9163","Iran","1-626-968-5396","ADHAAR","male","lactose","vegan","BDS","4","surgeon, electrician","intermediate","mandarin,english","",""
"19","4tw","96e79218965eb72c92a549dd5a330112","Teagan Strickland","2/11/95","Ap 612-2446 Sit Ave","San Chirico Nuovo","C4R 4EH","Tanzania","1-407-818-8071","ABN","male","beef","none","MIT, BDS","5","developer","expert","japanese","",""
"20","drher","96e79218965eb72c92a549dd5a330112","Hyacinth Madden","2/12/95","Ap 314-4498 Fusce Ave","Pizzoferrato","876014","Andorra","259-9559","ABN","female","peanuts","halal","MBA","8","developer","novice","mandarin,english","",""
"1","qwer","96e79218965eb72c92a549dd5a330112","Len Hale","11/10/0098","P.O. Box 549, 3604 Etiam Rd.","Seevetal","85200","Heard Island and Mcdonald Islands",,"Len Hale","female","cereals","female","ME,MIT","3","developer","expert","mandarin,english","",""
